{"cameraMode":{"drawMode":0,"name":"Shaded","section":"Shading Mode"},"sceneLighting":false,"audioPlay":false,"sceneViewState":{"showFog":true,"showMaterialUpdate":false,"showSkybox":false,"showFlares":true,"showImageEffects":true,"showParticleSystems":true},"in2DMode":false,"pivot":{"x":-0.1127767562866211,"y":-0.008767962455749512,"z":-0.03461647033691406},"rotation":{"x":-0.070976123213768,"y":0.2650420367717743,"z":0.019567066803574563,"w":0.9614237546920776},"size":10.155315399169922,"orthographic":false}