{"cameraMode":{"drawMode":0,"name":"Shaded","section":"Shading Mode"},"sceneLighting":false,"audioPlay":false,"sceneViewState":{"showFog":true,"showMaterialUpdate":false,"showSkybox":false,"showFlares":true,"showImageEffects":true,"showParticleSystems":true},"in2DMode":false,"pivot":{"x":0.3938586115837097,"y":0.04450930655002594,"z":-0.2426174134016037},"rotation":{"x":-0.070976123213768,"y":0.2650420367717743,"z":0.019567066803574563,"w":0.9614237546920776},"size":5.580521106719971,"orthographic":false}