{"cameraMode":{"drawMode":0,"name":"Shaded","section":"Shading Mode"},"sceneLighting":false,"audioPlay":false,"sceneViewState":{"showFog":true,"showMaterialUpdate":false,"showSkybox":true,"showFlares":true,"showImageEffects":true,"showParticleSystems":true},"in2DMode":false,"pivot":{"x":3.7591536045074465,"y":-2.228501081466675,"z":0.40882202982902529},"rotation":{"x":0.12168946117162705,"y":-0.12708450853824616,"z":0.015711922198534013,"w":0.9842735528945923},"size":9.72425365447998,"orthographic":false}